-9,0,cnHF5jzplLgzgZY+GfQg0USQz/Q=,H28pqx3g9pWQzUgkmX9qP5FcSEs=
-8,0,cnHF5jzplLgzgZY+GfQg0USQz/Q=,cuH9WevZN3nmXPXzw6O7GVNbzOM=
-7,0,cnHF5jzplLgzgZY+GfQg0USQz/Q=,cuH9WevZN3nmXPXzw6O7GVNbzOM=
-6,0,cnHF5jzplLgzgZY+GfQg0USQz/Q=,cuH9WevZN3nmXPXzw6O7GVNbzOM=
-5,0,cnHF5jzplLgzgZY+GfQg0USQz/Q=,cuH9WevZN3nmXPXzw6O7GVNbzOM=
-4,0,cnHF5jzplLgzgZY+GfQg0USQz/Q=,cuH9WevZN3nmXPXzw6O7GVNbzOM=
-3,0,cnHF5jzplLgzgZY+GfQg0USQz/Q=,cuH9WevZN3nmXPXzw6O7GVNbzOM=
-2,0,VasjFytUWiGKgNWMflz98T3KbgQ=,cuH9WevZN3nmXPXzw6O7GVNbzOM=
-1,0,VasjFytUWiGKgNWMflz98T3KbgQ=,cuH9WevZN3nmXPXzw6O7GVNbzOM=
-5,1,fTiklE2XEVoZvN/5ZHapT1DpkA4=,cuH9WevZN3nmXPXzw6O7GVNbzOM=
-4,1,fTiklE2XEVoZvN/5ZHapT1DpkA4=,cuH9WevZN3nmXPXzw6O7GVNbzOM=
-3,1,fTiklE2XEVoZvN/5ZHapT1DpkA4=,cuH9WevZN3nmXPXzw6O7GVNbzOM=
-1,1,fTiklE2XEVoZvN/5ZHapT1DpkA4=,cuH9WevZN3nmXPXzw6O7GVNbzOM=
-1,2,LbcNpK+cqak6gjpw7QBH2tlw0ts=,cuH9WevZN3nmXPXzw6O7GVNbzOM=
-1,3,Hdbg9cZYGhBmp1J3mzFWodiH480=,cuH9WevZN3nmXPXzw6O7GVNbzOM=
-1,6,0PFpJyR9Mp9NWJwjjZ/7/31mfec=,cuH9WevZN3nmXPXzw6O7GVNbzOM=
-1,7,0PFpJyR9Mp9NWJwjjZ/7/31mfec=,cuH9WevZN3nmXPXzw6O7GVNbzOM=
-1,4,HWty5Ki6JB+MAmeLE/NB7lF/QKY=,cuH9WevZN3nmXPXzw6O7GVNbzOM=
